1478	Roy	Gardner	2148 8th Hill	Columbus	Ohio	United States	43204	1-(614)924-3702	rgardner0@feedburner.com	82
1826	Douglas	Pierce	7199 Golden Leaf Lane	Racine	Wisconsin	United States	53405	1-(262)524-0187	dpierce1@webmd.com	59
1002	Elizabeth	Young	79597 Chive Way	New York City	New York	United States	10110	1-(646)668-5499	eyoung2@indiatimes.com	32
1666	Harold	Gonzales	1 Leroy Terrace	Fairfax	Virginia	United States	22036	1-(571)629-6291	hgonzales3@shinystat.com	52
1231	Andrea	Martinez	390 Sachtjen Plaza	El Paso	Texas	United States	79994	1-(915)847-6801	amartinez4@flickr.com	59
1284	Aaron	Brown	523 La Follette Court	New York City	New York	United States	10270	1-(347)179-4304	abrown5@bluehost.com	53
1237	Stephen	Fox	4547 Hayes Hill	Fort Lauderdale	Florida	United States	33305	1-(954)933-1428	sfox6@quantcast.com	20
1805	Marilyn	West	4375 Everett Point	Fredericksburg	Virginia	United States	22405	1-(540)571-8323	mwest7@phoca.cz	40
1987	Rachel	Bennett	03029 Rockefeller Avenue	Santa Fe	New Mexico	United States	87505	1-(505)431-2504	rbennett8@delicious.com	56
1337	Michelle	Walker	694 Dakota Trail	Saint Petersburg	Florida	United States	33737	1-(727)355-2490	mwalker9@dion.ne.jp	48
1906	Irene	Payne	9766 Dexter Circle	Colorado Springs	Colorado	United States	80940	1-(719)823-7606	ipaynea@ed.gov	17
1669	Benjamin	Clark	89035 Mesta Crossing	Lawrenceville	Georgia	United States	30245	1-(770)683-2023	bclarkb@auda.org.au	30
1100	Frank	Hawkins	2 Mcbride Plaza	Columbia	South Carolina	United States	29240	1-(803)465-4806	fhawkinsc@vimeo.com	92
1535	Phillip	Fernandez	3390 American Ash Park	Shreveport	Louisiana	United States	71130	1-(318)826-6687	pfernandezd@noaa.gov	57
1833	Harry	Butler	68 Rockefeller Road	Trenton	New Jersey	United States	8619	1-(609)688-9480	hbutlere@php.net	74
1912	Amy	Marshall	271 Northfield Parkway	Port Charlotte	Florida	United States	33954	1-(941)327-4193	amarshallf@bravesites.com	86
1175	Russell	Martinez	54 Debra Street	Tampa	Florida	United States	33625	1-(813)877-9439	rmartinezg@ucoz.ru	19
1375	Rebecca	Turner	137 Merry Terrace	Dallas	Texas	United States	75392	1-(214)578-7149	rturnerh@skype.com	100
1320	Michael	Franklin	36735 Clyde Gallagher Park	Tampa	Florida	United States	33633	1-(813)646-1797	mfranklini@epa.gov	34
1106	Jessica	Greene	3204 Lotheville Alley	Sacramento	California	United States	94250	1-(916)296-5190	jgreenej@shop-pro.jp	61
1602	Joyce	George	48 Anhalt Trail	Kissimmee	Florida	United States	34745	1-(407)282-4648	jgeorgek@flavors.me	37
1753	Jonathan	Payne	2510 Homewood Court	Anderson	Indiana	United States	46015	1-(765)244-9627	jpaynel@domainmarket.com	62
1725	Beverly	Hall	48 Straubel Park	Corona	California	United States	92878	1-(951)759-8362	bhallm@ft.com	61
1048	Robin	Weaver	4579 Kinsman Center	Corpus Christi	Texas	United States	78475	1-(361)486-5627	rweavern@oaic.gov.au	49
1628	Adam	Perkins	3924 Dexter Pass	Salt Lake City	Utah	United States	84170	1-(801)576-5937	aperkinso@dion.ne.jp	66
1882	Harold	Gomez	1 Fisk Road	Greensboro	North Carolina	United States	27455	1-(336)338-4032	hgomezp@cnn.com	82
1445	Pamela	Campbell	02 Shelley Street	Toledo	Ohio	United States	43656	1-(419)538-0250	pcampbellq@youku.com	2
1165	Jack	Clark	405 Warrior Plaza	Carson City	Nevada	United States	89714	1-(775)522-9464	jclarkr@businessweek.com	57
1374	Richard	James	829 Maryland Drive	Portland	Oregon	United States	97255	1-(971)445-8345	rjamess@wiley.com	37
1508	Victor	Johnston	740 Troy Crossing	Springfield	Massachusetts	United States	1105	1-(413)378-5819	vjohnstont@narod.ru	20
1286	Craig	Martin	5287 Oak Valley Crossing	Paterson	New Jersey	United States	7544	1-(862)144-4432	cmartinu@google.cn	82
1910	Ralph	Reyes	631 Clarendon Circle	Texarkana	Texas	United States	75507	1-(903)175-7939	rreyesv@last.fm	59
1148	Kelly	Simmons	8 Maple Wood Way	Olympia	Washington	United States	98506	1-(360)979-5406	ksimmonsw@adobe.com	32
1164	Carl	Lawson	36037 Kinsman Alley	Roanoke	Virginia	United States	24004	1-(540)852-6162	clawsonx@moonfruit.com	52
1353	Ralph	Johnston	75 Pearson Point	Sacramento	California	United States	95818	1-(916)593-2152	rjohnstony@dedecms.com	59
1646	Albert	Marshall	79 Butterfield Drive	Honolulu	Hawaii	United States	96845	1-(808)490-0261	amarshallz@rakuten.co.jp	53
1176	Irene	Garrett	94 Miller Park	New Orleans	Louisiana	United States	70142	1-(504)722-2194	igarrett10@utexas.edu	20
1020	Diana	Jones	72603 Summerview Place	Salt Lake City	Utah	United States	84145	1-(801)773-9351	djones11@wiley.com	40
1915	Charles	Berry	00 Raven Junction	Cincinnati	Ohio	United States	45233	1-(513)264-5121	cberry12@webeden.co.uk	56
1470	Doris	Mills	340 Ludington Center	Shreveport	Louisiana	United States	71105	1-(318)653-5540	dmills13@wisc.edu	48
1743	Diane	Butler	261 Michigan Way	London	Kentucky	United States	40745	1-(606)329-8764	dbutler14@ucsd.edu	17
1292	Henry	Boyd	32690 Stone Corner Center	Miami	Florida	United States	33164	1-(786)536-5534	hboyd15@house.gov	30
1317	Ruby	Garrett	41 Pennsylvania Drive	Mobile	Alabama	United States	36605	1-(251)638-6614	rgarrett16@amazonaws.com	92
1556	Debra	Bradley	73444 Mosinee Avenue	Sacramento	California	United States	95852	1-(916)372-8001	dbradley17@cnet.com	57
1744	Julia	Ruiz	01196 Crownhardt Plaza	New York City	New York	United States	10131	1-(212)484-9928	jruiz18@google.ru	74
1329	Tina	Hunter	846 2nd Court	Boston	Massachusetts	United States	2109	1-(617)978-9963	thunter19@pbs.org	86
1038	Stephen	Price	98 Artisan Road	Tucson	Arizona	United States	85754	1-(520)595-3184	sprice1a@sphinn.com	19
1676	Sharon	Gray	00 Coleman Court	Las Vegas	Nevada	United States	89105	1-(702)507-3876	sgray1b@1688.com	100
1006	Alice	Roberts	9306 Harper Street	Tallahassee	Florida	United States	32314	1-(850)567-0756	aroberts1c@apple.com	34
1792	Paula	Bradley	96 Coleman Crossing	Newport Beach	California	United States	92662	1-(714)476-5675	pbradley1d@marketwatch.com	61
1889	Sara	Fernandez	5740 Nelson Terrace	Kansas City	Missouri	United States	64144	1-(816)999-2332	sfernandez1e@europa.eu	37
1104	Janet	Berry	24 Mallory Avenue	Springfield	Massachusetts	United States	1152	1-(413)535-1763	jberry1f@arstechnica.com	62
1766	Harry	Chavez	953 Lakeland Trail	Waltham	Massachusetts	United States	2453	1-(781)654-8621	hchavez1g@livejournal.com	61
1129	Ashley	Morris	936 Brown Circle	Knoxville	Tennessee	United States	37924	1-(865)516-6543	amorris1h@bravesites.com	49
1501	Sean	Burns	143 Elgar Park	Hamilton	Ohio	United States	45020	1-(937)240-3829	sburns1i@woothemes.com	66
1007	Jerry	Gonzalez	7 Hoepker Drive	Harrisburg	Pennsylvania	United States	17105	1-(717)679-1353	jgonzalez1j@goo.ne.jp	82
1228	Angela	Richardson	093 Browning Way	Lexington	Kentucky	United States	40586	1-(859)672-3519	arichardson1k@chicagotribune.com	2
1093	Mary	Price	7 Hansons Center	Bethesda	Maryland	United States	20816	1-(202)176-9284	mprice1l@mit.edu	57
1937	Paul	Pierce	0 Fisk Circle	Laurel	Maryland	United States	20709	1-(202)885-2519	ppierce1m@sohu.com	37
1561	Todd	Johnston	31474 Eastlawn Alley	Tacoma	Washington	United States	98417	1-(253)406-9797	tjohnston1n@howstuffworks.com	20
1391	Maria	Murray	3 Logan Way	Saint Augustine	Florida	United States	32092	1-(904)559-1655	mmurray1o@ocn.ne.jp	82
1086	Joyce	Roberts	112 Killdeer Plaza	Sacramento	California	United States	94207	1-(916)116-0885	jroberts1p@tinyurl.com	59
1138	Ruth	Ward	38629 Mallory Terrace	Amarillo	Texas	United States	79159	1-(806)778-7986	rward1q@ft.com	32
1919	Peter	Warren	58 Maple Hill	Bellevue	Washington	United States	98008	1-(206)426-7113	pwarren1r@nba.com	52
1963	Donna	Wallace	9 Tomscot Court	Austin	Texas	United States	78754	1-(512)704-3846	dwallace1s@hatena.ne.jp	59
1222	Jack	Hart	3248 Hazelcrest Avenue	Spokane	Washington	United States	99205	1-(509)666-5560	jhart1t@domainmarket.com	53
1985	Antonio	Webb	8 Russell Junction	Pomona	California	United States	91797	1-(909)409-3276	awebb1u@livejournal.com	20
1852	Howard	Morgan	1 Truax Alley	Dayton	Ohio	United States	45419	1-(937)842-2488	hmorgan1v@ucoz.com	40
1321	Mary	Bishop	2 Elmside Pass	Ventura	California	United States	93005	1-(805)637-1059	mbishop1w@alexa.com	56
1071	Jennifer	Simmons	8201 Green Place	Suffolk	Virginia	United States	23436	1-(757)979-5949	jsimmons1x@msn.com	48
1610	Cynthia	Fox	4 Knutson Road	Miami	Florida	United States	33175	1-(305)554-3670	cfox1y@skyrock.com	17
1604	Louise	Stone	58222 Kings Avenue	Tampa	Florida	United States	33647	1-(813)324-7759	lstone1z@so-net.ne.jp	30
1883	Nicole	Howard	642 Chinook Drive	Miami	Florida	United States	33153	1-(786)365-5352	nhoward20@cafepress.com	92
1737	Annie	Thompson	57314 Randy Crossing	Evansville	Indiana	United States	47712	1-(812)703-8176	athompson21@miibeian.gov.cn	57
1187	Roger	Rice	5642 Vidon Crossing	Washington	District of Columbia	United States	20299	1-(202)385-5042	rrice22@simplemachines.org	74
1473	Paula	Flores	06924 Lukken Road	Boulder	Colorado	United States	80305	1-(303)161-7770	pflores23@yahoo.com	86
1520	Michelle	Brown	66459 Ridgeview Circle	San Bernardino	California	United States	92424	1-(909)943-6814	mbrown24@accuweather.com	19
1522	Lois	Marshall	18905 Moland Hill	San Antonio	Texas	United States	78230	1-(210)206-6956	lmarshall25@europa.eu	100
1362	Eric	Fisher	1 Banding Parkway	Fort Worth	Texas	United States	76192	1-(682)673-1174	efisher26@chron.com	34
1967	Elizabeth	Chapman	124 Hoffman Trail	Saint Cloud	Minnesota	United States	56398	1-(320)210-4494	echapman27@google.de	61
1131	Matthew	Johnson	697 New Castle Alley	Winston Salem	North Carolina	United States	27110	1-(336)679-7509	mjohnson28@cargocollective.com	37
1765	Mark	Chavez	841 Fieldstone Crossing	Springfield	Ohio	United States	45505	1-(937)512-4086	mchavez29@google.com	62
1377	Evelyn	Ray	2486 Pepper Wood Junction	Washington	District of Columbia	United States	20299	1-(202)999-9169	eray2a@patch.com	61
1566	Earl	Garcia	73 Jackson Avenue	Atlanta	Georgia	United States	31196	1-(404)203-2342	egarcia2b@netvibes.com	49
1384	Alan	Little	2 Mallard Crossing	Houston	Texas	United States	77255	1-(713)699-5082	alittle2c@123-reg.co.uk	66
1871	Nicole	Stewart	740 West Terrace	Indianapolis	Indiana	United States	46221	1-(317)901-4842	nstewart2d@nature.com	82
1816	Martin	Weaver	16027 Hooker Point	Topeka	Kansas	United States	66629	1-(785)861-4588	mweaver2e@ihg.com	2
1404	Christine	Stevens	71 Mcbride Pass	Columbia	South Carolina	United States	29220	1-(803)882-8557	cstevens2f@w3.org	57
1696	Charles	Griffin	936 Heffernan Park	Palmdale	California	United States	93591	1-(661)697-9273	cgriffin2g@shutterfly.com	37
1619	Janet	Stone	1 Sheridan Center	Reading	Pennsylvania	United States	19605	1-(610)909-3176	jstone2h@si.edu	20
1120	Mark	Rodriguez	95141 Jay Point	Winston Salem	North Carolina	United States	27157	1-(336)868-3702	mrodriguez2i@wired.com	82
1886	Marie	Hughes	41 Aberg Plaza	Las Vegas	Nevada	United States	89193	1-(702)520-6329	mhughes2j@biglobe.ne.jp	59
1250	Katherine	Gilbert	02 Acker Parkway	Atlanta	Georgia	United States	30323	1-(770)553-9678	kgilbert2k@unblog.fr	32
1352	Barbara	Scott	08046 Fordem Place	San Jose	California	United States	95118	1-(408)948-0418	bscott2l@shop-pro.jp	52
1644	Anna	Taylor	8147 Veith Road	Morgantown	West Virginia	United States	26505	1-(304)107-3243	ataylor2m@flickr.com	59
1549	Shawn	Tucker	55 Jay Circle	Portland	Oregon	United States	97206	1-(503)692-0545	stucker2n@soundcloud.com	53
1821	Laura	Pierce	2525 Florence Center	Lincoln	Nebraska	United States	68510	1-(402)418-5596	lpierce2o@w3.org	20
1799	Martin	Moreno	4 Valley Edge Alley	Bethesda	Maryland	United States	20892	1-(301)736-6616	mmoreno2p@epa.gov	40
1918	Robin	Lee	3265 Tony Junction	Kansas City	Missouri	United States	64114	1-(816)192-9675	rlee2q@toplist.cz	56
1591	Louise	Howell	9525 Tomscot Parkway	Glendale	California	United States	91210	1-(818)454-6609	lhowell2r@economist.com	48
1498	Clarence	Lynch	3 Mendota Circle	Santa Rosa	California	United States	95405	1-(707)983-0424	clynch2s@chronoengine.com	17
1173	Dennis	Lee	98279 Logan Terrace	Jersey City	New Jersey	United States	7305	1-(201)625-9550	dlee2t@prlog.org	30
1714	Karen	Hansen	57 Lakeland Plaza	Raleigh	North Carolina	United States	27621	1-(919)620-5800	khansen2u@elegantthemes.com	92
1455	Charles	Hamilton	681 Lunder Center	Norfolk	Virginia	United States	23520	1-(757)770-7147	chamilton2v@mac.com	57
1368	Janet	Reynolds	55203 Mendota Avenue	Tampa	Florida	United States	33610	1-(813)727-2784	jreynolds2w@ca.gov	74
1932	Fred	Hayes	9 Park Meadow Crossing	Madison	Wisconsin	United States	53790	1-(608)565-5588	fhayes2x@mozilla.com	86
1132	Andrea	Sanchez	15 Montana Alley	Atlanta	Georgia	United States	31196	1-(404)920-2628	asanchez2y@unicef.org	19
1565	Roger	Bailey	955 Butternut Center	North Little Rock	Arkansas	United States	72199	1-(501)812-5400	rbailey2z@hhs.gov	100
1864	Lois	Duncan	29 Pine View Trail	Des Moines	Iowa	United States	50347	1-(515)793-7173	lduncan30@typepad.com	34
1480	Thomas	Stephens	181 North Point	Dayton	Ohio	United States	45414	1-(937)242-2643	tstephens31@google.fr	61
1870	Mark	Rogers	4153 Golf Way	Richmond	Virginia	United States	23208	1-(804)258-5303	mrogers32@globo.com	37
1569	Gary	Bryant	514 Fairfield Alley	Marietta	Georgia	United States	30061	1-(770)592-1896	gbryant33@free.fr	62
1965	Lisa	Freeman	88122 Veith Trail	Flint	Michigan	United States	48505	1-(810)802-4514	lfreeman34@newsvine.com	61
1988	Wanda	Gray	013 Rieder Place	Birmingham	Alabama	United States	35263	1-(205)448-5610	wgray35@biglobe.ne.jp	49
1531	Gerald	Garcia	90271 Miller Park	Topeka	Kansas	United States	66606	1-(785)198-5255	ggarcia36@drupal.org	66
1599	Susan	Gomez	57871 Fulton Terrace	Inglewood	California	United States	90398	1-(310)709-7447	sgomez37@trellian.com	82
1801	Russell	Romero	54 Rusk Way	Miami	Florida	United States	33134	1-(305)458-1697	rromero38@github.io	2
1426	Ralph	Diaz	87 Talmadge Junction	Tuscaloosa	Alabama	United States	35405	1-(205)759-9148	rdiaz39@flavors.me	57
1986	Adam	Ruiz	04267 Linden Park	Atlanta	Georgia	United States	30368	1-(404)967-5855	aruiz3a@drupal.org	37
1137	Kenneth	Henry	79 Ridge Oak Parkway	San Jose	California	United States	95118	1-(408)506-7542	khenry3b@privacy.gov.au	20
1968	Todd	Hayes	06995 Carioca Street	Fort Wayne	Indiana	United States	46867	1-(260)443-4111	thayes3c@reddit.com	82
1511	Antonio	Morris	470 Gale Trail	Los Angeles	California	United States	90050	1-(213)377-1065	amorris3d@cafepress.com	59
1061	Tina	Garcia	0 Holmberg Trail	Harrisburg	Pennsylvania	United States	17105	1-(717)531-6316	tgarcia3e@cafepress.com	32
1505	Robert	Wallace	9429 Coolidge Road	Richmond	Virginia	United States	23285	1-(804)221-6851	rwallace3f@a8.net	52
1160	Heather	Ruiz	3477 Eastlawn Junction	San Jose	California	United States	95173	1-(408)110-1666	hruiz3g@exblog.jp	59
1502	Ronald	Johnson	07 Cherokee Trail	Tucson	Arizona	United States	85748	1-(520)462-2602	rjohnson3h@shutterfly.com	53
1255	Tina	Duncan	1 Westport Parkway	Spokane	Washington	United States	99260	1-(509)212-1109	tduncan3i@auda.org.au	20
1278	Sandra	Berry	2882 Crest Line Pass	El Paso	Texas	United States	79940	1-(915)563-6185	sberry3j@uiuc.edu	40
1010	Ruth	Berry	039 Old Shore Alley	Denver	Colorado	United States	80243	1-(303)861-4991	rberry3k@infoseek.co.jp	56
1890	Tammy	Cooper	61743 Golf Course Drive	Omaha	Nebraska	United States	68134	1-(712)316-4715	tcooper3l@cocolog-nifty.com	48
1052	Joseph	Butler	4 Packers Crossing	Springfield	Massachusetts	United States	1129	1-(413)253-6113	jbutler3m@ucoz.com	17
1421	Amanda	Olson	05 Manitowish Street	Seattle	Washington	United States	98185	1-(206)424-0965	aolson3n@networkadvertising.org	30
1121	Antonio	Oliver	1 Colorado Park	Philadelphia	Pennsylvania	United States	19093	1-(215)268-9596	aoliver3o@surveymonkey.com	92
1149	Randy	Lawson	8043 Brentwood Center	Louisville	Kentucky	United States	40250	1-(502)268-3867	rlawson3p@google.fr	57
1163	Nancy	Hughes	55078 Nevada Drive	Lafayette	Louisiana	United States	70593	1-(337)839-6278	nhughes3q@issuu.com	74
1021	Nancy	George	45347 Westend Hill	Arlington	Virginia	United States	22244	1-(571)187-7190	ngeorge3r@edublogs.org	86
1331	Albert	Howell	09286 Sullivan Circle	Lincoln	Nebraska	United States	68517	1-(402)741-6542	ahowell3s@ycombinator.com	19
1600	Larry	Flores	8757 Spaight Center	Portland	Oregon	United States	97286	1-(503)970-6678	lflores3t@webs.com	100
1776	Phyllis	Lee	3858 Mesta Avenue	San Francisco	California	United States	94121	1-(858)879-0970	plee3u@hugedomains.com	34
1567	Kevin	Taylor	0160 Mendota Drive	Charlotte	North Carolina	United States	28210	1-(704)201-4746	ktaylor3v@squarespace.com	61
1204	Walter	Palmer	78 Debs Trail	Biloxi	Mississippi	United States	39534	1-(228)251-7134	wpalmer3w@sourceforge.net	37
1732	Nicholas	Mcdonald	8259 Northport Trail	Santa Cruz	California	United States	95064	1-(831)159-4518	nmcdonald3x@indiatimes.com	62
1082	Robert	Cox	29483 Del Mar Plaza	Erie	Pennsylvania	United States	16505	1-(814)170-5509	rcox3y@vimeo.com	61
1075	Catherine	Lynch	9 South Court	Amarillo	Texas	United States	79105	1-(806)595-1582	clynch3z@ask.com	49
1483	Justin	Williams	62 Calypso Hill	Los Angeles	California	United States	90010	1-(323)520-5248	jwilliams40@google.de	66
1842	Patricia	Porter	7893 Merchant Circle	Amarillo	Texas	United States	79105	1-(806)695-1009	pporter41@cisco.com	82
1878	Julie	Green	37291 Prairieview Point	Saint Cloud	Minnesota	United States	56372	1-(320)811-2730	jgreen42@rakuten.co.jp	2
1680	Teresa	Griffin	276 Westerfield Alley	Washington	District of Columbia	United States	20430	1-(202)877-0942	tgriffin43@archive.org	57
1333	Shawn	Hughes	1366 Melvin Parkway	Duluth	Georgia	United States	30195	1-(770)987-1698	shughes44@utexas.edu	37
1280	Kimberly	Lee	0639 Armistice Place	Decatur	Georgia	United States	30089	1-(404)295-0186	klee45@taobao.com	20
1512	Joe	Hawkins	178 Stone Corner Place	Santa Fe	New Mexico	United States	87592	1-(505)106-9090	jhawkins46@whitehouse.gov	82
1287	James	Gardner	73867 Jay Avenue	Columbia	South Carolina	United States	29240	1-(803)875-2582	jgardner47@opensource.org	59
1124	Pamela	Barnes	52905 Troy Circle	Seattle	Washington	United States	98109	1-(206)899-3235	pbarnes48@blogtalkradio.com	32
1645	Jean	Bailey	27 Menomonie Way	Gulfport	Mississippi	United States	39505	1-(228)456-9618	jbailey49@netlog.com	52
1054	Amanda	Brown	71915 Springview Avenue	Huntington	West Virginia	United States	25705	1-(304)568-6937	abrown4a@latimes.com	59
1029	Patricia	Porter	04390 Golden Leaf Street	Henderson	Nevada	United States	89074	1-(702)885-4604	pporter4b@phpbb.com	53
1130	Anthony	Davis	7150 Kipling Trail	Oklahoma City	Oklahoma	United States	73157	1-(405)913-2950	adavis4c@google.com.br	20
1811	Kathleen	Franklin	3733 Cascade Crossing	New York City	New York	United States	10009	1-(917)540-3046	kfranklin4d@mediafire.com	40
1550	Victor	Fox	518 Bayside Way	Chicago	Illinois	United States	60630	1-(773)773-4000	vfox4e@who.int	56
1810	Lori	Rogers	42845 Namekagon Center	Van Nuys	California	United States	91406	1-(323)938-3528	lrogers4f@4shared.com	48
1642	Carl	Williamson	9 Stang Court	Omaha	Nebraska	United States	68164	1-(402)689-5039	cwilliamson4g@ustream.tv	17
1690	Catherine	Robinson	4 Grover Drive	Los Angeles	California	United States	90040	1-(323)644-7437	crobinson4h@bloglines.com	30
1327	Martha	Hill	360 Boyd Terrace	Oakland	California	United States	94605	1-(510)259-8150	mhill4i@reuters.com	92
1953	Edward	Olson	9 Eggendart Road	Fayetteville	North Carolina	United States	28305	1-(910)431-0181	eolson4j@bloglovin.com	57
1699	Dorothy	Burns	52 Meadow Ridge Crossing	Shreveport	Louisiana	United States	71105	1-(318)112-7224	dburns4k@qq.com	74
1606	Brian	Duncan	6 Longview Street	South Bend	Indiana	United States	46614	1-(574)391-1094	bduncan4l@sphinn.com	86
1977	Jason	Cooper	9455 Sullivan Hill	Kingsport	Tennessee	United States	37665	1-(423)506-9003	jcooper4m@nationalgeographic.com	19
1731	James	Mitchell	75703 Lakewood Street	Augusta	Georgia	United States	30905	1-(706)687-6250	jmitchell4n@arstechnica.com	100
1224	Tammy	Barnes	44327 South Point	Birmingham	Alabama	United States	35285	1-(205)597-5163	tbarnes4o@cnbc.com	34
1971	Michelle	Ryan	25 Pond Place	San Diego	California	United States	92132	1-(858)353-2508	mryan4p@discovery.com	61
1198	Jerry	Rice	2 Anzinger Place	Torrance	California	United States	90510	1-(818)410-6367	jrice4q@nasa.gov	37
1367	Judith	Lawrence	594 Forest Point	Los Angeles	California	United States	90065	1-(323)932-8576	jlawrence4r@devhub.com	62
1854	Peter	Frazier	276 Di Loreto Avenue	Charlotte	North Carolina	United States	28299	1-(704)391-3399	pfrazier4s@joomla.org	61
1123	Judy	Carter	35800 Clemons Road	Des Moines	Iowa	United States	50936	1-(515)362-2517	jcarter4t@vinaora.com	49
1274	Martha	Fuller	73191 Dayton Road	Salt Lake City	Utah	United States	84152	1-(801)210-7707	mfuller4u@parallels.com	66
1773	Marie	Lynch	496 Steensland Road	Oklahoma City	Oklahoma	United States	73119	1-(405)187-8686	mlynch4v@pcworld.com	82
1633	Rebecca	Gutierrez	42050 Rowland Terrace	Nashville	Tennessee	United States	37205	1-(615)679-4614	rgutierrez4w@wikimedia.org	2
1581	Margaret	Robinson	8504 Hauk Avenue	Kansas City	Missouri	United States	64199	1-(816)170-7142	mrobinson4x@prlog.org	57
1244	Cheryl	Johnston	7925 Monterey Circle	Milwaukee	Wisconsin	United States	53210	1-(414)482-9013	cjohnston4y@e-recht24.de	37
1343	Marilyn	Stevens	082 Buell Way	Birmingham	Alabama	United States	35215	1-(205)145-6906	mstevens4z@printfriendly.com	20
1434	Andrew	Hicks	9 Sundown Parkway	Johnstown	Pennsylvania	United States	15906	1-(814)560-1871	ahicks50@squidoo.com	82
1005	Lois	Anderson	47 Clarendon Junction	Jacksonville	Florida	United States	32236	1-(904)466-4635	landerson51@google.nl	59
1077	Nicholas	Fisher	85736 Ilene Pass	Corpus Christi	Texas	United States	78465	1-(361)332-5753	nfisher52@taobao.com	32
1197	Annie	Garcia	212 Merchant Park	Nashville	Tennessee	United States	37250	1-(615)713-4022	agarcia53@answers.com	52
1926	Cynthia	Peterson	4279 Pleasure Parkway	Arlington	Texas	United States	76011	1-(214)665-4880	cpeterson54@altervista.org	59
1135	Stephen	Kelly	35349 Trailsway Center	Tacoma	Washington	United States	98411	1-(253)838-5243	skelly55@adobe.com	53
1771	Kelly	Peters	3 Prentice Parkway	Dallas	Texas	United States	75310	1-(214)737-8312	kpeters56@mozilla.com	20
1497	Jane	Hayes	579 Forest Run Center	Tacoma	Washington	United States	98481	1-(253)110-2203	jhayes57@webmd.com	40
1660	Jacqueline	Dunn	35 Jenna Terrace	Houston	Texas	United States	77255	1-(713)459-0557	jdunn58@cbsnews.com	56
1964	Walter	Payne	0914 Pearson Way	Atlanta	Georgia	United States	30340	1-(404)734-7381	wpayne59@ustream.tv	48
1781	Aaron	Ellis	4 Forest Run Trail	Los Angeles	California	United States	90005	1-(818)636-7225	aellis5a@csmonitor.com	17
1825	Donna	Dixon	5 Dennis Way	Tampa	Florida	United States	33625	1-(813)108-9384	ddixon5b@altervista.org	30
1711	Wayne	Adams	2 Bartillon Junction	Rochester	New York	United States	14604	1-(585)469-9776	wadams5c@salon.com	92
1481	Maria	Fowler	950 Ryan Terrace	Rockford	Illinois	United States	61105	1-(815)666-4305	mfowler5d@sakura.ne.jp	57
1689	Lillian	Ellis	6 Anderson Point	Fresno	California	United States	93773	1-(559)651-3854	lellis5e@hp.com	74
1881	Chris	Grant	50 Upham Lane	Naperville	Illinois	United States	60567	1-(630)364-9399	cgrant5f@illinois.edu	86
1393	Willie	Freeman	05230 Twin Pines Avenue	North Las Vegas	Nevada	United States	89087	1-(702)254-5850	wfreeman5g@amazon.co.uk	19
1568	Fred	Harper	0 Fallview Park	Peoria	Illinois	United States	61651	1-(309)858-6909	fharper5h@simplemachines.org	100
1309	Gerald	Franklin	198 Killdeer Avenue	Salt Lake City	Utah	United States	84125	1-(801)274-5603	gfranklin5i@fema.gov	34
1966	Dennis	Stephens	96 Oxford Court	Los Angeles	California	United States	90025	1-(323)883-8939	dstephens5j@istockphoto.com	61
1167	Benjamin	Fowler	02 Montana Plaza	Dallas	Texas	United States	75358	1-(214)274-4388	bfowler5k@weather.com	37
1782	Peter	Boyd	38933 Chinook Crossing	Naples	Florida	United States	34102	1-(941)129-3151	pboyd5l@over-blog.com	62
1211	Angela	Reynolds	3896 Rieder Junction	Sparks	Nevada	United States	89436	1-(775)865-1232	areynolds5m@cpanel.net	61
1335	Martha	Watson	17 Emmet Court	Waterbury	Connecticut	United States	6726	1-(203)214-3961	mwatson5n@archive.org	49
1727	Jimmy	Phillips	154 Sheridan Lane	Tampa	Florida	United States	33610	1-(813)726-6923	jphillips5o@wisc.edu	66
1493	Laura	Rogers	35 Monica Point	Birmingham	Alabama	United States	35225	1-(205)365-2015	lrogers5p@senate.gov	82
1050	Kelly	Robertson	62626 Hagan Park	Newark	New Jersey	United States	7195	1-(862)399-7423	krobertson5q@spotify.com	2
1238	Harry	Hudson	9301 Farwell Center	Bridgeport	Connecticut	United States	6673	1-(203)236-4448	hhudson5r@google.de	57
1544	Clarence	Spencer	5218 Russell Street	Charleston	South Carolina	United States	29403	1-(843)824-8535	cspencer5s@alexa.com	37
1905	Robert	Hunter	350 Farragut Hill	Denver	Colorado	United States	80243	1-(303)497-5744	rhunter5t@independent.co.uk	20
1266	Aaron	Ellis	16945 Di Loreto Pass	Reno	Nevada	United States	89595	1-(775)948-8789	aellis5u@netlog.com	82
1162	Julia	Thompson	10375 Veith Lane	Memphis	Tennessee	United States	38109	1-(901)359-8122	jthompson5v@sciencedirect.com	59
1207	Gregory	Lane	14575 Lakewood Gardens Crossing	Phoenix	Arizona	United States	85072	1-(602)124-0543	glane5w@globo.com	32
1220	Brenda	Meyer	3 Quincy Hill	Salt Lake City	Utah	United States	84105	1-(801)260-0982	bmeyer5x@themeforest.net	52
1336	Cynthia	Hunter	3630 Butterfield Circle	Augusta	Georgia	United States	30911	1-(706)628-7281	chunter5y@wix.com	59
1668	Louis	Sanchez	016 Lakewood Gardens Circle	Philadelphia	Pennsylvania	United States	19160	1-(215)457-4414	lsanchez5z@patch.com	53
1168	Phillip	Mcdonald	50 Sundown Plaza	Los Angeles	California	United States	90094	1-(323)530-8911	pmcdonald60@meetup.com	20
1403	Diana	Frazier	33 Darwin Parkway	Boise	Idaho	United States	83705	1-(208)542-1932	dfrazier61@disqus.com	40
1828	Lois	Dean	36 Sloan Hill	Austin	Texas	United States	78721	1-(512)645-7067	ldean62@jiathis.com	56
1023	Sean	Porter	1 Tennessee Alley	Memphis	Tennessee	United States	38109	1-(901)867-2357	sporter63@acquirethisname.com	48
1322	Sean	Olson	46317 Dawn Plaza	Corpus Christi	Texas	United States	78415	1-(361)781-2416	solson64@pen.io	17
1791	Walter	Thomas	1134 Karstens Place	Newark	New Jersey	United States	7195	1-(862)429-4320	wthomas65@blogspot.com	30
1146	Marilyn	Webb	9 Gulseth Plaza	Rochester	New York	United States	14609	1-(585)725-1227	mwebb66@dell.com	92
1186	Eugene	Hicks	18962 Macpherson Center	Albuquerque	New Mexico	United States	87180	1-(505)658-3172	ehicks67@chicagotribune.com	57
1235	Dennis	Adams	4616 Graedel Circle	Richmond	Virginia	United States	23277	1-(804)862-1366	dadams68@archive.org	74
1454	Billy	Robertson	8 Oneill Park	Riverside	California	United States	92505	1-(909)370-1897	brobertson69@wired.com	86
1379	Brandon	Mills	727 Manley Parkway	Fayetteville	North Carolina	United States	28314	1-(910)538-7004	bmills6a@wikia.com	19
1654	Katherine	Payne	5 East Lane	Decatur	Illinois	United States	62525	1-(217)653-3662	kpayne6b@amazonaws.com	100
1746	Tammy	Ortiz	4279 Melvin Plaza	Houston	Texas	United States	77095	1-(832)746-4421	tortiz6c@deliciousdays.com	34
1832	Anne	Cunningham	15 1st Alley	Sacramento	California	United States	95823	1-(510)573-0598	acunningham6d@prlog.org	61
1446	Alan	Harvey	08 Annamark Alley	Scranton	Pennsylvania	United States	18505	1-(570)919-7025	aharvey6e@techcrunch.com	37
1373	Martha	Cruz	169 Old Shore Way	Albany	New York	United States	12242	1-(518)409-5195	mcruz6f@utexas.edu	62
1598	Karen	Garcia	458 Sugar Junction	San Rafael	California	United States	94913	1-(415)561-5005	kgarcia6g@bloglovin.com	61
1873	Sharon	Adams	98 Tomscot Park	Jacksonville	Florida	United States	32209	1-(904)542-9278	sadams6h@simplemachines.org	49
1973	Jesse	Jacobs	25934 Raven Street	Pomona	California	United States	91797	1-(909)856-6886	jjacobs6i@google.ca	66
1573	Sharon	Sullivan	42952 Cordelia Way	Toledo	Ohio	United States	43615	1-(419)374-2084	ssullivan6j@dropbox.com	82
1896	Emily	Banks	854 Arapahoe Road	Tacoma	Washington	United States	98405	1-(253)519-5575	ebanks6k@cargocollective.com	2
1394	Patrick	Mendoza	2 Roth Road	Charleston	South Carolina	United States	29403	1-(843)266-9562	pmendoza6l@dmoz.org	57
1618	Terry	Ross	3 Larry Park	Charleston	West Virginia	United States	25362	1-(304)314-8300	tross6m@de.vu	37
1126	Gary	Little	6 Warbler Court	Dallas	Texas	United States	75392	1-(214)556-0292	glittle6n@multiply.com	20
1001	Rachel	Flores	04800 Forster Junction	San Francisco	California	United States	94116	1-(415)850-3267	rflores6o@slate.com	82
1177	Victor	Bell	8533 Kropf Junction	Dayton	Ohio	United States	45403	1-(937)413-7050	vbell6p@csmonitor.com	59
1904	Sandra	Kim	86 6th Circle	New York City	New York	United States	10292	1-(212)779-4697	skim6q@whitehouse.gov	32
1948	Donna	Davis	36 Alpine Trail	Oklahoma City	Oklahoma	United States	73190	1-(405)778-4082	ddavis6r@goodreads.com	52
1107	Julie	Anderson	58007 Eastwood Junction	Portland	Oregon	United States	97216	1-(503)894-9821	janderson6s@1und1.de	59
1658	Philip	Harrison	3 Monument Park	New York City	New York	United States	10079	1-(212)475-4693	pharrison6t@tripod.com	53
1230	Theresa	Watson	60270 Little Fleur Hill	Roanoke	Virginia	United States	24034	1-(540)681-9212	twatson6u@weather.com	20
1542	Mark	Wheeler	71949 Brentwood Way	Tulsa	Oklahoma	United States	74170	1-(918)209-7350	mwheeler6v@gravatar.com	40
1213	Dennis	Kelly	10 Hudson Way	Hicksville	New York	United States	11854	1-(516)550-2221	dkelly6w@weather.com	56
1424	Chris	Harris	7 Bayside Terrace	Boston	Massachusetts	United States	2104	1-(318)153-9870	charris6x@ibm.com	48
